ID,7030,7101,7103,7105,7106,7400,7503,7505,7701,8630,7130,7405,7406,7407,7408,7504,7506,7600,8631,7131,7340,7409,7410,7601,8632,7109,7140,7341,7402,7404,7500,7507,7602,8530,8635,7141,7232,7350,7414,7603,8500,8531,7320,7342,7351,7424,8532,7300,7301,7321,7343,8501,8636,7508,7509,Part I
95046,6.0,2.55,6.6,2.7,7.5,7.5,2.0,5.550000000000001,3.0,4.0,5.4,3.25,5.4,1.7,6.0,4.050000000000001,4.5,3.3,4.55,3.3,4.949999999999999,2.3,2.3,6.0,3.4499999999999997,2.3,3.0,6.75,7.4,3.4499999999999997,3.3,3.3,3.0,4.5,6.75,3.3,3.0,9.25,1.7,4.5,6.75,4.5,5.4,4.5,4.949999999999999,2.0,4.5,5.550000000000001,3.3,5.75,6.75,7.5,2.3,6.6,8.25,269.0
89796,7.4,1.9500000000000002,6.0,2.7,8.25,5.75,3.7,5.550000000000001,4.0,4.6,6.6,5.0,7.4,4.0,5.550000000000001,4.5,6.0,4.0,11.549999999999999,4.0,4.5,2.0,2.3,6.6,4.5,2.0,3.0,6.75,8.0,4.050000000000001,3.3,3.7,6.0,4.5,6.75,3.7,3.7,8.25,2.7,4.5,10.0,5.550000000000001,6.6,4.050000000000001,5.550000000000001,2.3,6.0,6.0,3.3,7.5,7.5,9.25,3.0,8.0,6.75,591.0
95216,8.0,1.5,5.4,2.7,6.75,3.25,2.7,4.050000000000001,3.7,3.4,7.4,2.5,4.0,2.7,6.0,3.0,3.0,3.0,3.5,3.3,3.4499999999999997,3.7,3.0,6.6,4.050000000000001,3.7,4.050000000000001,7.5,6.0,2.55,2.7,2.7,4.949999999999999,4.949999999999999,5.0,4.0,3.0,5.75,1.3,3.4499999999999997,6.75,4.050000000000001,5.4,5.550000000000001,5.550000000000001,1.0,4.949999999999999,4.5,3.7,6.75,7.5,5.0,3.0,8.0,9.25,100.0
88574,8.0,4.050000000000001,6.0,4.0,7.5,6.75,3.3,5.550000000000001,4.0,6.0,7.4,5.0,6.0,3.7,6.0,4.5,4.5,3.7,9.450000000000001,4.0,3.4499999999999997,2.7,2.7,7.4,4.5,2.7,3.4499999999999997,5.0,6.0,2.55,3.3,4.0,5.550000000000001,4.5,5.75,3.3,3.7,6.75,2.3,3.4499999999999997,7.5,4.050000000000001,6.0,3.4499999999999997,4.949999999999999,2.0,5.550000000000001,4.5,2.0,6.75,7.5,6.75,3.0,8.0,5.75,195.0
97791,5.4,1.9500000000000002,5.4,2.7,7.5,3.25,2.7,2.55,3.0,3.4,8.0,7.5,7.4,3.3,3.0,4.050000000000001,4.050000000000001,3.0,0.0,4.0,4.949999999999999,2.3,2.7,7.4,3.0,3.0,4.949999999999999,6.75,6.0,3.4499999999999997,2.0,3.0,5.550000000000001,5.550000000000001,3.25,3.7,2.3,5.75,2.0,4.5,8.25,3.4499999999999997,4.0,3.0,4.949999999999999,1.0,4.5,3.4499999999999997,2.7,5.75,7.5,4.25,2.7,8.0,6.75,100.0
97824,7.4,4.5,5.4,3.7,8.25,8.25,3.3,6.0,4.0,6.6,8.0,8.25,6.6,2.7,5.550000000000001,4.949999999999999,5.550000000000001,4.0,10.5,4.0,4.949999999999999,2.7,3.0,8.0,4.949999999999999,1.7,4.5,7.5,8.0,4.949999999999999,4.0,4.0,6.0,6.0,7.5,3.7,4.0,9.25,3.0,4.5,10.0,6.0,6.0,3.0,5.550000000000001,2.3,4.949999999999999,5.550000000000001,2.7,6.75,5.0,8.25,3.0,8.0,5.75,450.0
93862,7.4,1.9500000000000002,3.4,1.7,5.75,0.0,3.3,4.5,3.0,4.0,7.4,4.25,6.0,2.3,6.0,5.550000000000001,5.550000000000001,3.3,5.95,3.7,4.949999999999999,2.7,3.0,7.4,4.050000000000001,2.0,4.5,7.5,8.0,4.050000000000001,4.0,3.7,4.949999999999999,4.949999999999999,7.5,3.7,3.7,7.5,2.7,4.050000000000001,8.25,4.949999999999999,7.4,4.5,4.949999999999999,2.0,5.550000000000001,4.5,3.3,5.75,6.75,6.75,3.0,8.0,9.25,404.0
89344,7.4,4.050000000000001,6.6,4.0,10.0,7.5,3.3,5.550000000000001,4.0,4.6,8.0,8.25,8.0,4.0,6.0,5.550000000000001,4.949999999999999,3.7,10.5,3.7,4.949999999999999,3.0,4.0,6.6,3.0,4.0,4.5,8.25,8.0,4.5,3.3,3.7,6.0,6.0,6.75,3.7,4.0,9.25,2.0,4.5,10.0,4.949999999999999,7.4,4.949999999999999,6.0,3.7,5.550000000000001,5.550000000000001,3.0,9.25,8.25,8.25,3.3,8.0,4.25,331.0
93451,8.0,4.050000000000001,6.6,3.7,7.5,5.75,3.0,5.550000000000001,4.0,6.0,8.0,6.75,6.6,3.0,6.0,4.050000000000001,6.0,3.3,4.55,3.3,4.050000000000001,2.7,3.3,8.0,3.4499999999999997,3.3,3.0,7.5,6.6,4.050000000000001,3.0,4.0,4.050000000000001,4.5,4.25,3.0,3.3,7.5,2.0,3.0,7.5,4.5,6.0,4.949999999999999,4.5,2.3,4.5,4.5,2.0,5.0,6.75,5.0,2.7,8.0,5.75,170.0
98476,6.6,3.0,6.0,3.0,5.75,3.25,2.3,6.0,4.0,5.4,8.0,5.0,6.6,3.0,6.0,4.050000000000001,6.0,4.0,9.450000000000001,3.3,4.5,3.3,2.0,8.0,3.0,3.3,4.5,7.5,6.6,4.5,3.7,4.0,5.550000000000001,4.949999999999999,5.0,3.0,3.7,6.75,3.0,4.5,7.5,4.5,6.6,3.0,4.5,2.0,4.5,5.550000000000001,3.0,6.75,5.0,5.75,3.0,8.0,5.75,248.0
83145,6.6,1.9500000000000002,3.4,2.0,5.75,4.25,3.0,3.0,4.0,6.0,8.0,3.25,5.4,3.0,6.0,4.050000000000001,6.0,3.0,8.049999999999999,3.7,3.0,2.0,2.7,6.0,3.0,1.7,2.55,3.25,6.6,2.55,2.3,3.0,3.0,4.5,5.0,2.7,3.3,5.0,1.0,3.4499999999999997,8.25,4.5,2.6,2.55,4.5,1.0,4.050000000000001,4.050000000000001,2.0,3.25,5.75,3.25,2.3,8.0,5.75,100.0
98815,8.0,4.5,7.4,3.7,10.0,8.25,3.7,5.550000000000001,4.0,6.0,8.0,7.5,7.4,4.0,4.5,4.949999999999999,5.550000000000001,4.0,11.549999999999999,4.0,4.5,2.7,3.0,8.0,4.949999999999999,2.3,4.5,7.5,6.0,4.5,3.3,4.0,4.949999999999999,6.0,5.0,3.0,4.0,7.5,2.3,4.949999999999999,8.25,4.949999999999999,6.0,4.5,6.0,2.7,3.4499999999999997,6.0,3.0,5.75,7.5,6.75,3.3,5.4,7.5,506.0
71801,7.4,4.050000000000001,5.4,3.3,8.25,7.5,3.0,5.550000000000001,3.0,4.6,8.0,9.25,6.6,4.0,4.050000000000001,4.050000000000001,6.0,4.0,9.450000000000001,4.0,6.0,3.0,4.0,7.4,4.949999999999999,3.3,4.5,7.5,7.4,4.5,3.0,4.0,6.0,5.550000000000001,7.5,4.0,3.7,7.5,3.3,3.4499999999999997,9.25,4.949999999999999,6.0,5.550000000000001,5.550000000000001,2.7,6.0,6.0,3.7,7.5,7.5,8.25,3.3,8.0,10.0,405.0
93448,7.4,3.0,6.0,3.7,7.5,8.25,3.0,5.550000000000001,3.3,5.4,7.4,7.5,6.0,4.0,5.550000000000001,4.050000000000001,4.949999999999999,4.0,10.5,4.0,4.949999999999999,2.7,3.0,5.4,3.4499999999999997,3.0,4.050000000000001,6.75,6.0,4.050000000000001,3.0,3.3,4.5,4.949999999999999,6.75,3.0,3.3,5.0,2.3,4.5,6.75,4.5,6.6,3.4499999999999997,4.949999999999999,2.7,4.949999999999999,4.5,2.7,6.75,6.75,5.0,3.0,8.0,4.25,424.0
92936,8.0,4.5,7.4,2.0,10.0,7.5,3.7,6.0,4.0,7.4,6.6,6.75,6.0,4.0,6.0,4.949999999999999,6.0,4.0,12.950000000000001,2.7,4.050000000000001,2.7,2.7,7.4,4.5,2.0,3.4499999999999997,6.75,7.4,4.050000000000001,3.3,4.0,4.949999999999999,4.5,7.5,3.0,4.0,6.75,2.7,4.050000000000001,8.25,6.0,6.6,4.050000000000001,4.949999999999999,2.3,4.949999999999999,4.5,3.0,6.75,6.75,6.75,3.0,8.0,7.5,406.0
98568,6.0,1.9500000000000002,5.4,2.0,6.75,7.5,2.3,5.550000000000001,3.3,4.0,8.0,7.5,6.6,3.0,6.0,4.949999999999999,4.949999999999999,3.3,9.450000000000001,3.0,4.949999999999999,2.3,2.7,6.0,3.4499999999999997,2.7,4.949999999999999,9.25,5.4,3.0,2.7,3.7,3.0,4.5,5.75,3.0,3.3,8.25,2.0,4.050000000000001,6.75,4.5,5.4,4.5,4.949999999999999,2.3,4.5,5.550000000000001,3.3,5.0,7.5,5.0,2.0,8.0,5.0,339.0
20546,8.0,6.0,8.0,4.0,8.25,8.25,3.3,6.0,4.0,6.0,8.0,8.25,8.0,4.0,6.0,4.5,6.0,4.0,10.5,3.7,5.550000000000001,2.7,3.0,7.4,4.050000000000001,3.3,4.949999999999999,7.5,8.0,4.050000000000001,3.3,4.0,5.550000000000001,5.550000000000001,6.75,3.7,3.7,7.5,3.0,4.050000000000001,9.25,4.5,6.0,4.5,4.5,2.0,5.550000000000001,4.949999999999999,2.7,7.5,7.5,9.25,3.0,8.0,8.25,417.0
88118,7.4,3.0,4.6,2.3,5.75,5.0,2.3,4.5,4.0,4.0,4.6,1.75,4.0,3.3,3.4499999999999997,4.5,4.949999999999999,3.0,7.0,4.0,4.050000000000001,2.0,2.3,6.0,3.0,1.7,4.5,6.75,6.6,3.4499999999999997,3.7,3.0,6.0,4.5,4.25,3.7,3.3,7.5,1.0,3.0,8.25,4.949999999999999,6.0,3.0,5.550000000000001,2.0,4.5,6.0,3.3,5.75,6.75,5.0,2.7,8.0,5.75,312.0
88974,6.6,4.5,8.0,3.7,10.0,7.5,4.0,6.0,4.0,5.4,8.0,8.25,8.0,4.0,5.550000000000001,5.550000000000001,6.0,3.7,11.549999999999999,4.0,5.550000000000001,3.7,3.0,8.0,4.5,3.7,4.949999999999999,8.25,8.0,4.5,4.0,4.0,6.0,6.0,4.25,4.0,4.0,10.0,3.7,5.550000000000001,10.0,6.0,8.0,5.550000000000001,6.0,3.7,4.5,6.0,4.0,10.0,9.25,9.25,3.7,8.0,8.25,469.0
86041,6.6,1.0499999999999998,4.0,2.3,5.75,2.5,2.0,5.550000000000001,3.0,3.4,6.0,2.5,6.0,2.0,6.0,3.0,4.949999999999999,3.0,3.5,3.7,3.0,1.0,2.3,4.0,3.0,1.7,3.0,5.0,4.0,1.5,2.3,3.0,3.0,4.949999999999999,4.25,3.7,3.0,5.0,1.0,3.0,8.25,3.4499999999999997,4.0,5.550000000000001,4.5,0.7,4.5,4.949999999999999,2.3,5.75,7.5,5.0,3.0,8.0,4.25,100.0
96852,8.0,3.4499999999999997,5.4,2.7,8.25,7.5,3.3,6.0,4.0,5.4,8.0,6.75,7.4,3.0,5.550000000000001,4.949999999999999,5.550000000000001,3.3,10.5,3.7,4.949999999999999,2.3,3.3,6.6,3.4499999999999997,2.0,4.5,7.5,7.4,4.5,3.7,4.0,6.0,5.550000000000001,7.5,3.7,4.0,7.5,2.3,3.4499999999999997,9.25,6.0,6.6,4.5,4.5,3.3,6.0,5.550000000000001,3.7,9.25,8.25,10.0,3.0,8.0,7.5,498.0
88956,8.0,3.4499999999999997,7.4,3.3,10.0,9.25,3.3,5.550000000000001,4.0,6.0,8.0,9.25,8.0,4.0,5.550000000000001,4.949999999999999,6.0,4.0,9.450000000000001,3.3,5.550000000000001,3.7,3.7,8.0,4.949999999999999,3.0,4.949999999999999,7.5,8.0,4.5,4.0,4.0,6.0,5.550000000000001,7.5,3.3,4.0,8.25,2.7,4.5,10.0,5.550000000000001,7.4,5.550000000000001,5.550000000000001,3.0,5.550000000000001,6.0,4.0,8.25,9.25,7.5,3.3,8.0,10.0,528.0
99393,8.0,1.5,5.4,2.0,5.0,3.25,3.0,6.0,4.0,5.4,6.6,5.0,5.4,3.0,6.0,4.5,3.0,3.0,4.55,3.3,3.4499999999999997,2.3,2.0,6.0,4.050000000000001,3.0,4.050000000000001,7.5,4.6,3.0,3.7,3.3,4.949999999999999,5.550000000000001,5.0,3.7,3.3,7.5,2.0,4.949999999999999,8.25,5.550000000000001,5.4,4.050000000000001,4.5,2.7,6.0,4.949999999999999,2.3,5.0,6.75,5.75,3.0,8.0,7.5,425.0
81496,6.0,2.55,4.6,1.7,9.25,2.5,2.7,4.5,3.0,4.6,8.0,5.0,5.4,2.7,4.5,3.4499999999999997,4.5,3.3,9.450000000000001,4.0,4.949999999999999,2.7,2.7,6.0,4.050000000000001,2.3,3.4499999999999997,7.5,6.0,3.4499999999999997,3.7,3.7,6.0,4.5,5.0,3.0,2.7,7.5,3.3,4.050000000000001,6.75,4.050000000000001,4.0,3.4499999999999997,6.0,2.7,4.949999999999999,4.5,2.7,5.0,5.75,6.75,3.3,8.0,6.75,363.0
89124,8.0,4.5,8.0,4.0,7.5,5.75,3.7,4.5,3.7,4.6,8.0,5.75,6.6,4.0,4.5,4.5,5.550000000000001,4.0,10.5,4.0,4.5,3.3,3.0,7.4,3.0,3.0,4.5,7.5,6.6,4.5,3.7,4.0,6.0,6.0,7.5,3.7,3.7,5.75,2.3,4.050000000000001,8.25,4.5,6.0,4.050000000000001,4.949999999999999,2.0,4.5,5.550000000000001,3.0,5.75,5.75,7.5,3.0,8.0,5.0,368.0
94781,6.6,2.55,6.0,3.0,5.75,0.0,2.7,4.5,3.7,2.6,8.0,8.25,7.4,3.7,4.5,4.5,4.949999999999999,3.7,8.049999999999999,3.0,4.949999999999999,2.0,3.0,6.0,3.4499999999999997,3.7,5.550000000000001,7.5,6.6,1.9500000000000002,3.3,3.0,4.5,4.949999999999999,5.75,4.0,3.7,7.5,1.7,4.949999999999999,6.75,3.4499999999999997,4.6,6.0,6.0,2.3,6.0,6.0,3.7,7.5,9.25,8.25,3.0,8.0,10.0,339.0
93818,8.0,6.0,8.0,4.0,10.0,10.0,4.0,6.0,4.0,8.0,8.0,10.0,8.0,4.0,5.550000000000001,5.550000000000001,6.0,4.0,12.950000000000001,4.0,6.0,4.0,3.7,8.0,6.0,3.0,5.550000000000001,10.0,8.0,6.0,4.0,4.0,6.0,6.0,10.0,3.7,4.0,6.75,4.0,4.949999999999999,10.0,6.0,7.4,4.050000000000001,4.949999999999999,3.0,6.0,6.0,3.3,7.5,8.25,7.5,3.0,7.4,5.75,724.0
97508,8.0,1.0499999999999998,2.6,1.0,4.25,1.75,3.0,4.5,3.0,4.0,4.6,3.25,6.0,2.3,4.949999999999999,4.050000000000001,5.550000000000001,3.0,5.95,3.7,3.4499999999999997,2.0,2.0,3.4,3.0,1.3,1.5,6.75,6.0,2.55,2.7,3.0,4.5,4.5,3.25,2.3,2.7,6.75,2.0,1.9500000000000002,6.75,4.5,4.6,3.0,3.0,2.0,4.5,4.050000000000001,2.7,5.0,7.5,4.25,2.3,8.0,5.0,183.0
97672,6.6,3.0,4.6,2.3,7.5,5.0,3.0,4.050000000000001,4.0,4.0,6.6,4.25,6.6,3.3,6.0,3.0,4.5,3.0,5.95,4.0,2.55,3.0,2.0,5.4,1.5,1.7,3.4499999999999997,5.0,5.4,2.55,2.7,3.7,4.5,6.0,5.0,3.3,3.7,6.75,2.3,4.050000000000001,7.5,3.4499999999999997,6.0,3.0,4.949999999999999,2.0,4.050000000000001,4.5,3.0,5.0,7.5,5.0,3.0,8.0,5.0,133.0
97673,8.0,3.0,6.0,3.0,7.5,6.75,3.3,4.5,4.0,6.0,6.6,7.5,6.0,3.7,4.5,4.5,5.550000000000001,3.7,10.5,3.0,4.050000000000001,2.3,3.0,7.4,4.5,2.3,4.5,6.75,7.4,4.050000000000001,3.0,3.0,5.550000000000001,4.949999999999999,6.75,4.0,3.7,9.25,2.3,4.5,8.25,5.550000000000001,5.4,3.4499999999999997,4.949999999999999,3.3,4.5,6.0,3.0,6.75,7.5,7.5,3.0,8.0,5.75,448.0
99014,7.4,3.0,4.0,3.0,6.75,6.75,2.7,4.949999999999999,3.3,2.6,8.0,5.75,6.6,4.0,3.4499999999999997,4.050000000000001,4.5,3.3,7.0,4.0,2.55,1.7,2.0,7.4,1.9500000000000002,2.7,3.0,5.75,6.0,2.55,2.3,2.0,5.550000000000001,4.050000000000001,5.75,3.3,2.7,5.75,2.0,4.050000000000001,6.75,3.4499999999999997,4.6,4.5,4.949999999999999,2.0,4.5,4.949999999999999,2.3,3.25,6.75,4.25,2.7,7.4,7.5,195.0
97267,8.0,6.0,8.0,4.0,10.0,9.25,4.0,6.0,4.0,6.6,7.4,10.0,8.0,4.0,4.949999999999999,4.5,4.5,4.0,11.549999999999999,2.7,6.0,3.3,3.3,8.0,4.5,3.0,4.5,9.25,7.4,4.050000000000001,3.3,3.7,5.550000000000001,6.0,5.0,3.7,3.7,9.25,2.7,3.4499999999999997,10.0,6.0,7.4,5.550000000000001,6.0,3.3,6.0,4.949999999999999,3.7,7.5,9.25,8.25,3.0,8.0,9.25,609.0
94459,6.6,3.4499999999999997,5.4,1.3,5.75,3.25,3.0,5.550000000000001,4.0,4.0,8.0,7.5,6.0,3.3,6.0,4.050000000000001,6.0,3.3,10.5,4.0,3.0,2.0,2.3,6.6,4.050000000000001,2.3,5.550000000000001,6.75,7.4,4.050000000000001,3.3,3.0,5.550000000000001,5.550000000000001,5.75,4.0,3.3,6.75,2.0,3.0,9.25,6.0,6.6,4.050000000000001,6.0,2.0,3.4499999999999997,4.949999999999999,3.3,9.25,6.75,7.5,3.3,8.0,8.25,492.0
97215,8.0,2.55,6.0,4.0,7.5,6.75,3.0,4.050000000000001,4.0,2.0,8.0,5.0,6.0,3.3,5.550000000000001,3.4499999999999997,4.5,4.0,7.0,3.3,4.5,2.0,1.7,7.4,4.050000000000001,1.3,3.0,5.75,6.0,1.5,2.3,3.0,4.5,4.949999999999999,4.25,3.3,3.3,6.75,1.3,3.0,7.5,4.949999999999999,5.4,4.050000000000001,5.550000000000001,2.3,4.5,4.5,3.3,3.25,6.75,5.0,2.3,8.0,5.0,339.0
96568,8.0,3.0,4.6,2.7,6.75,5.0,2.3,3.4499999999999997,3.0,5.4,8.0,3.25,6.0,3.0,5.550000000000001,4.5,4.5,3.0,7.0,4.0,3.4499999999999997,1.3,2.0,5.4,3.0,1.7,3.0,5.0,5.4,3.0,2.7,3.3,4.5,4.5,5.0,2.7,2.7,5.0,2.0,1.5,6.75,3.0,6.6,4.050000000000001,4.5,1.7,4.949999999999999,4.949999999999999,2.7,4.25,7.5,6.75,2.7,8.0,5.75,510.0
95244,6.0,5.550000000000001,6.0,3.7,7.5,5.75,3.3,5.550000000000001,3.7,4.0,8.0,5.0,6.0,3.3,5.550000000000001,4.5,6.0,3.7,7.0,4.0,3.0,2.3,2.3,6.6,3.4499999999999997,2.7,3.4499999999999997,5.75,5.4,3.0,3.0,3.0,4.050000000000001,4.5,6.75,3.7,3.3,7.5,2.3,4.050000000000001,7.5,4.5,6.6,4.5,6.0,2.7,5.550000000000001,5.550000000000001,4.0,6.75,10.0,7.5,3.0,8.0,6.75,528.0
97268,8.0,3.4499999999999997,6.0,2.3,5.0,0.0,2.7,5.550000000000001,3.7,4.0,8.0,4.25,5.4,3.3,6.0,4.050000000000001,4.949999999999999,3.7,3.5,3.7,5.550000000000001,2.0,3.0,6.6,4.050000000000001,3.7,4.5,7.5,7.4,2.55,3.0,3.7,4.5,4.949999999999999,5.75,3.3,3.7,6.75,2.0,4.050000000000001,6.75,4.050000000000001,4.6,4.5,4.5,1.0,4.050000000000001,4.050000000000001,3.0,6.75,7.5,6.75,2.7,8.0,5.75,100.0
94841,8.0,6.0,8.0,4.0,10.0,10.0,4.0,6.0,4.0,8.0,8.0,10.0,8.0,4.0,5.550000000000001,6.0,6.0,4.0,14.0,4.0,6.0,4.0,4.0,8.0,5.550000000000001,4.0,4.949999999999999,9.25,8.0,5.550000000000001,4.0,4.0,6.0,6.0,9.25,4.0,4.0,10.0,3.7,6.0,10.0,6.0,8.0,5.550000000000001,6.0,3.0,5.550000000000001,6.0,4.0,10.0,8.25,10.0,3.7,8.0,10.0,522.0
92614,8.0,3.4499999999999997,6.6,2.0,6.75,4.25,2.0,4.949999999999999,4.0,0.0,7.4,1.75,5.4,3.0,6.0,2.55,2.55,2.3,3.5,4.0,3.4499999999999997,2.0,1.7,4.6,1.9500000000000002,2.3,1.9500000000000002,4.25,4.6,1.5,3.0,2.7,4.050000000000001,3.0,0.0,3.7,3.0,6.75,1.0,3.4499999999999997,6.75,3.0,4.0,4.949999999999999,4.949999999999999,1.7,3.0,3.4499999999999997,3.0,5.0,6.75,5.75,2.3,8.0,9.25,100.0
97587,7.4,4.050000000000001,7.4,4.0,10.0,9.25,3.7,6.0,3.7,6.6,8.0,10.0,8.0,4.0,6.0,4.949999999999999,6.0,3.7,11.549999999999999,4.0,5.550000000000001,2.7,3.3,8.0,5.550000000000001,3.7,5.550000000000001,8.25,8.0,4.949999999999999,4.0,4.0,6.0,4.949999999999999,7.5,3.7,4.0,8.25,2.3,4.050000000000001,8.25,6.0,6.0,4.050000000000001,6.0,3.0,4.949999999999999,5.550000000000001,3.3,8.25,8.25,8.25,3.7,8.0,8.25,656.0
99597,8.0,2.55,5.4,1.7,6.75,1.75,3.7,4.949999999999999,4.0,5.4,6.6,4.25,6.0,3.3,4.949999999999999,4.5,5.550000000000001,3.7,8.049999999999999,3.3,4.050000000000001,3.0,3.0,7.4,3.0,3.7,4.050000000000001,8.25,7.4,3.0,3.7,4.0,6.0,6.0,5.0,4.0,3.7,7.5,2.7,3.4499999999999997,9.25,4.949999999999999,6.6,4.050000000000001,6.0,2.0,6.0,4.949999999999999,3.0,6.75,7.5,6.75,3.0,8.0,6.75,100.0
99422,7.4,4.050000000000001,6.0,2.7,8.25,6.75,3.0,5.550000000000001,3.0,5.4,8.0,6.75,6.6,3.7,5.550000000000001,4.5,4.949999999999999,3.3,8.049999999999999,4.0,4.5,2.3,2.3,6.6,4.050000000000001,2.7,3.0,5.75,7.4,3.0,3.3,3.3,4.949999999999999,4.5,5.75,2.7,3.3,7.5,3.0,3.4499999999999997,7.5,4.5,7.4,2.55,4.949999999999999,2.3,4.949999999999999,4.949999999999999,3.0,7.5,7.5,7.5,3.0,8.0,6.75,488.0
98653,7.4,3.0,4.6,2.3,5.75,6.75,1.7,4.050000000000001,3.3,3.4,4.6,7.5,6.0,3.3,5.550000000000001,4.050000000000001,4.5,3.3,9.450000000000001,3.0,4.050000000000001,2.7,2.0,7.4,4.050000000000001,1.7,3.0,4.25,6.6,3.0,3.3,3.0,4.5,4.949999999999999,6.75,2.7,3.3,7.5,3.0,3.0,8.25,4.5,4.6,3.4499999999999997,4.949999999999999,1.7,4.5,4.949999999999999,2.3,6.75,8.25,7.5,3.0,7.4,6.75,339.0
98321,7.4,3.4499999999999997,6.0,3.0,8.25,2.5,3.0,5.550000000000001,4.0,4.6,7.4,2.5,6.6,3.3,6.0,3.4499999999999997,4.5,3.3,5.95,4.0,3.0,2.0,2.0,6.0,3.0,2.3,3.0,5.75,6.6,4.050000000000001,3.0,4.0,4.949999999999999,5.550000000000001,5.75,3.0,3.3,5.0,2.7,3.0,7.5,4.5,4.6,4.050000000000001,4.949999999999999,1.7,4.5,4.949999999999999,3.0,6.75,5.0,6.75,3.0,8.0,7.5,100.0
98935,7.4,2.55,5.4,3.0,5.75,2.5,2.7,4.5,4.0,4.0,8.0,5.0,6.0,2.7,6.0,4.050000000000001,4.5,3.7,8.049999999999999,4.0,3.0,1.3,2.0,6.0,3.0,2.3,4.5,5.75,6.0,3.0,3.0,3.3,4.949999999999999,4.5,4.25,2.7,3.3,5.75,2.3,4.5,9.25,4.5,4.6,4.5,5.550000000000001,1.7,4.5,4.949999999999999,2.7,7.5,7.5,6.75,3.0,8.0,7.5,100.0
97708,8.0,3.4499999999999997,6.6,3.3,7.5,6.75,3.0,4.949999999999999,4.0,0.0,8.0,5.75,6.6,4.0,6.0,4.050000000000001,4.5,2.3,7.0,4.0,4.5,2.0,2.7,7.4,4.050000000000001,3.0,4.5,7.5,8.0,2.55,3.3,3.3,5.550000000000001,4.949999999999999,5.75,3.3,4.0,6.75,2.3,5.550000000000001,9.25,4.949999999999999,6.0,4.050000000000001,4.949999999999999,2.3,4.5,4.949999999999999,3.0,7.5,6.75,8.25,3.0,8.0,7.5,381.0
96855,8.0,6.0,8.0,4.0,10.0,10.0,4.0,6.0,4.0,8.0,8.0,10.0,8.0,4.0,6.0,6.0,6.0,4.0,14.0,4.0,5.550000000000001,4.0,4.0,7.4,4.949999999999999,1.7,4.5,5.75,6.6,3.4499999999999997,2.7,3.0,4.949999999999999,4.949999999999999,6.75,3.0,3.7,10.0,2.3,4.5,7.5,6.0,5.4,3.4499999999999997,6.0,2.7,4.949999999999999,5.550000000000001,3.0,6.75,5.75,8.25,3.0,8.0,6.75,528.0
95202,6.0,3.4499999999999997,6.0,3.7,7.5,5.75,3.0,4.5,3.0,4.0,4.0,3.25,6.0,3.3,6.0,4.050000000000001,4.949999999999999,2.7,8.049999999999999,3.3,4.050000000000001,1.7,2.3,5.4,3.0,2.7,4.050000000000001,5.75,6.0,1.5,2.7,4.0,3.0,4.050000000000001,6.75,1.7,2.7,6.75,1.0,4.050000000000001,5.75,3.0,6.0,3.4499999999999997,6.0,2.0,4.5,3.0,2.7,5.75,5.0,5.0,2.0,8.0,8.25,201.0
93952,8.0,4.5,6.0,3.3,6.75,5.0,3.0,6.0,3.7,6.0,6.0,6.75,4.0,3.3,6.0,4.5,6.0,4.0,9.450000000000001,4.0,4.5,2.7,2.7,7.4,3.4499999999999997,2.7,3.4499999999999997,5.0,6.6,4.050000000000001,4.0,4.0,5.550000000000001,6.0,7.5,3.7,4.0,7.5,2.7,4.949999999999999,7.5,6.0,6.6,4.050000000000001,6.0,3.0,4.949999999999999,5.550000000000001,3.3,6.75,6.75,8.25,3.7,8.0,6.75,455.0
97590,8.0,2.55,6.0,2.7,5.0,1.75,1.7,6.0,3.3,4.0,8.0,5.75,6.0,4.0,6.0,3.4499999999999997,5.550000000000001,3.7,4.55,4.0,5.550000000000001,2.7,2.0,6.6,3.0,2.0,4.949999999999999,7.5,8.0,4.050000000000001,3.0,3.3,4.5,4.949999999999999,4.25,4.0,2.7,6.75,1.7,3.0,8.25,4.5,6.0,4.5,5.550000000000001,3.0,4.5,4.949999999999999,3.7,6.75,9.25,5.75,3.0,8.0,5.0,393.0
97124,8.0,2.55,5.4,2.7,5.0,2.5,2.0,4.050000000000001,4.0,4.0,8.0,5.0,6.0,2.7,5.550000000000001,4.5,4.050000000000001,4.0,7.0,4.0,4.949999999999999,2.0,2.7,6.6,4.050000000000001,3.3,4.050000000000001,7.5,5.4,3.0,3.0,3.0,4.050000000000001,4.5,5.75,3.0,3.7,6.75,2.0,3.0,6.75,4.050000000000001,4.6,4.050000000000001,4.050000000000001,1.0,4.050000000000001,3.4499999999999997,3.0,5.75,7.5,5.0,2.7,7.4,5.75,100.0
97592,8.0,6.0,8.0,4.0,10.0,10.0,4.0,6.0,4.0,6.6,8.0,10.0,8.0,4.0,4.5,5.550000000000001,6.0,4.0,14.0,4.0,6.0,4.0,3.7,8.0,4.949999999999999,4.0,6.0,10.0,8.0,5.550000000000001,4.0,4.0,6.0,6.0,7.5,4.0,4.0,10.0,4.0,6.0,10.0,6.0,8.0,5.550000000000001,6.0,4.0,6.0,6.0,3.7,10.0,10.0,10.0,4.0,8.0,10.0,770.0
99424,8.0,3.4499999999999997,6.0,3.0,7.5,5.0,2.7,6.0,3.3,4.6,7.4,6.75,6.0,3.0,4.5,4.5,5.550000000000001,3.7,5.95,3.0,4.050000000000001,2.3,2.3,7.4,2.55,1.3,3.0,5.0,7.4,3.0,3.3,3.3,4.949999999999999,4.050000000000001,6.75,2.3,2.7,5.75,1.7,3.4499999999999997,6.75,4.050000000000001,4.6,3.4499999999999997,6.0,1.7,4.5,4.050000000000001,1.7,5.0,5.0,7.5,2.3,6.6,5.0,319.0
97775,8.0,6.0,8.0,4.0,9.25,8.25,3.7,6.0,4.0,6.0,8.0,10.0,8.0,4.0,5.550000000000001,5.550000000000001,5.550000000000001,4.0,11.549999999999999,4.0,5.550000000000001,4.0,4.0,8.0,4.5,4.0,6.0,8.25,7.4,5.550000000000001,3.7,4.0,5.550000000000001,6.0,8.25,4.0,4.0,10.0,3.0,5.550000000000001,10.0,4.949999999999999,6.0,4.949999999999999,6.0,3.7,6.0,6.0,3.0,7.5,9.25,6.75,3.3,8.0,10.0,486.0
99308,8.0,1.9500000000000002,4.0,1.0,5.0,2.5,2.0,4.5,4.0,3.4,8.0,2.5,6.0,2.7,6.0,4.050000000000001,4.5,3.7,4.55,3.0,1.9500000000000002,2.0,2.0,5.4,3.0,2.7,4.5,7.5,6.6,1.9500000000000002,3.3,3.0,6.0,4.949999999999999,4.25,3.7,3.7,5.75,1.7,4.5,5.75,3.4499999999999997,4.6,4.050000000000001,5.550000000000001,2.0,4.949999999999999,5.550000000000001,3.3,6.75,6.75,7.5,3.0,8.0,8.25,100.0
99063,6.6,4.050000000000001,5.4,2.7,6.75,4.25,3.3,5.550000000000001,3.3,4.6,7.4,7.5,6.0,3.7,6.0,4.050000000000001,4.5,3.3,5.95,3.0,4.949999999999999,2.0,2.7,6.0,3.0,3.7,5.550000000000001,8.25,5.4,2.55,3.7,3.0,4.5,4.5,6.75,4.0,3.7,7.5,1.3,4.949999999999999,5.75,4.5,4.6,4.949999999999999,6.0,2.3,4.5,6.0,3.7,7.5,8.25,7.5,2.3,8.0,8.25,176.0
97404,8.0,6.0,8.0,4.0,10.0,10.0,4.0,6.0,4.0,8.0,8.0,10.0,8.0,4.0,6.0,6.0,6.0,4.0,14.0,4.0,6.0,4.0,4.0,8.0,5.550000000000001,4.0,6.0,10.0,8.0,6.0,4.0,4.0,6.0,6.0,10.0,4.0,4.0,10.0,4.0,4.5,9.25,5.550000000000001,8.0,5.550000000000001,6.0,3.3,6.0,6.0,4.0,9.25,10.0,10.0,4.0,8.0,10.0,671.0
98575,8.0,6.0,8.0,4.0,10.0,10.0,3.0,6.0,4.0,7.4,8.0,10.0,8.0,4.0,6.0,6.0,6.0,4.0,12.950000000000001,4.0,6.0,3.7,4.0,8.0,4.949999999999999,4.0,5.550000000000001,10.0,8.0,5.550000000000001,3.7,4.0,6.0,6.0,7.5,4.0,4.0,9.25,3.7,6.0,10.0,6.0,7.4,4.5,6.0,3.3,5.550000000000001,6.0,3.7,8.25,9.25,9.25,3.7,8.0,8.25,547.0
97405,8.0,6.0,7.4,4.0,9.25,7.5,4.0,6.0,4.0,6.0,8.0,8.25,8.0,4.0,6.0,6.0,6.0,4.0,10.5,3.0,6.0,3.7,4.0,8.0,6.0,3.7,6.0,10.0,7.4,4.5,3.7,3.7,6.0,6.0,9.25,4.0,3.7,10.0,3.0,6.0,10.0,4.949999999999999,7.4,5.550000000000001,6.0,3.0,4.949999999999999,5.550000000000001,3.3,8.25,8.25,9.25,3.7,8.0,9.25,418.0
76420,7.4,2.55,3.4,2.3,7.5,3.25,2.0,4.050000000000001,3.0,3.4,5.4,5.0,6.0,3.0,6.0,4.5,4.050000000000001,3.3,7.0,3.0,3.0,3.0,3.0,6.6,4.050000000000001,1.3,3.0,5.0,6.6,2.55,2.3,3.3,4.050000000000001,5.550000000000001,4.25,3.0,3.0,5.75,1.7,4.5,7.5,4.5,5.4,3.0,4.5,2.0,4.5,5.550000000000001,2.3,5.0,6.75,7.5,3.0,8.0,7.5,275.0
98980,7.4,4.5,6.6,3.7,10.0,8.25,3.3,4.5,3.7,6.0,8.0,7.5,8.0,4.0,6.0,4.949999999999999,4.949999999999999,3.0,10.5,3.3,4.5,2.7,3.0,8.0,4.5,3.3,6.0,8.25,7.4,4.5,3.3,4.0,5.550000000000001,6.0,7.5,4.0,4.0,8.25,3.0,4.050000000000001,9.25,4.949999999999999,6.6,4.050000000000001,5.550000000000001,3.0,4.050000000000001,6.0,3.7,7.5,7.5,8.25,3.0,8.0,6.75,320.0
88678,8.0,3.4499999999999997,6.6,3.3,9.25,4.25,3.7,6.0,4.0,6.0,8.0,4.25,6.6,3.7,4.949999999999999,4.949999999999999,6.0,4.0,10.5,4.0,5.550000000000001,3.3,4.0,8.0,5.550000000000001,2.7,4.050000000000001,8.25,7.4,3.4499999999999997,4.0,4.0,6.0,6.0,7.5,3.3,3.3,8.25,3.0,4.5,10.0,5.550000000000001,6.6,2.55,5.550000000000001,2.3,4.949999999999999,6.0,3.3,5.75,7.5,7.5,3.3,8.0,9.25,400.0
89611,8.0,5.550000000000001,8.0,3.7,10.0,6.75,3.7,6.0,4.0,6.0,8.0,7.5,8.0,4.0,6.0,5.550000000000001,6.0,3.7,7.0,4.0,4.5,3.7,4.0,8.0,3.4499999999999997,3.0,4.5,7.5,7.4,3.4499999999999997,3.7,4.0,5.550000000000001,5.550000000000001,6.75,3.7,4.0,9.25,2.3,6.0,10.0,5.550000000000001,7.4,5.550000000000001,5.550000000000001,3.0,5.550000000000001,6.0,3.7,7.5,9.25,7.5,4.0,8.0,10.0,306.0
96895,7.4,1.5,4.0,1.3,6.75,1.75,3.7,6.0,3.7,6.6,6.0,0.0,6.0,3.0,4.949999999999999,4.5,5.550000000000001,3.3,8.049999999999999,3.7,3.4499999999999997,1.7,2.0,6.0,3.4499999999999997,2.7,3.4499999999999997,5.0,7.4,3.0,2.7,3.0,4.949999999999999,4.5,7.5,2.0,3.0,4.25,1.3,4.050000000000001,5.75,4.5,5.4,2.55,4.5,1.0,4.949999999999999,4.5,2.0,5.0,6.75,5.75,2.7,8.0,10.0,100.0
99064,6.6,1.9500000000000002,5.4,2.3,8.25,7.5,3.0,5.550000000000001,4.0,6.0,8.0,4.25,6.0,2.7,6.0,4.949999999999999,4.5,3.7,7.0,3.7,3.0,2.0,1.7,4.6,4.5,2.7,4.050000000000001,6.75,7.4,3.4499999999999997,3.3,3.0,4.5,5.550000000000001,7.5,2.3,3.7,5.75,2.0,4.5,7.5,5.550000000000001,4.6,4.5,4.5,2.0,6.0,5.550000000000001,3.3,6.75,7.5,7.5,2.7,8.0,6.75,326.0
99332,6.0,4.050000000000001,6.6,3.3,5.75,5.0,2.3,6.0,3.7,0.0,8.0,4.25,6.6,2.7,6.0,2.55,4.5,3.3,8.049999999999999,4.0,3.0,1.3,3.0,5.4,3.0,2.3,4.050000000000001,5.75,6.0,2.55,2.7,3.0,4.050000000000001,4.5,5.0,3.7,3.0,6.75,2.0,3.4499999999999997,5.0,4.5,4.0,4.5,5.550000000000001,3.0,4.5,4.050000000000001,2.7,4.25,6.75,5.75,2.0,8.0,8.25,113.0
93270,8.0,4.050000000000001,6.0,4.0,9.25,9.25,3.0,6.0,3.7,6.0,8.0,5.75,6.6,3.7,6.0,4.5,4.050000000000001,3.0,8.049999999999999,3.0,2.55,2.0,2.0,5.4,3.0,3.0,2.55,5.75,5.4,1.5,2.0,2.7,4.050000000000001,4.5,4.25,3.3,3.7,5.0,1.7,4.050000000000001,9.25,3.4499999999999997,4.0,3.0,4.949999999999999,2.0,4.5,4.5,3.0,5.0,6.75,5.0,3.3,3.4,8.25,100.0
99333,7.4,3.0,6.0,3.7,7.5,4.25,2.3,5.550000000000001,3.7,4.6,6.6,2.5,6.6,3.0,6.0,3.4499999999999997,4.050000000000001,3.3,5.95,3.3,2.55,2.0,1.7,4.6,1.5,2.3,4.050000000000001,5.75,6.6,2.55,3.0,3.0,4.5,6.0,5.75,3.7,3.0,7.5,1.0,3.0,7.5,4.050000000000001,4.6,3.4499999999999997,4.949999999999999,2.0,4.5,3.4499999999999997,3.0,5.0,6.75,5.0,3.0,8.0,8.25,100.0
97594,6.0,1.9500000000000002,4.6,1.3,5.0,5.0,2.0,3.4499999999999997,3.3,4.0,8.0,2.5,4.0,2.3,4.949999999999999,3.0,4.949999999999999,3.0,4.55,2.7,4.050000000000001,1.7,1.7,4.6,1.9500000000000002,2.0,4.5,5.0,5.4,1.9500000000000002,2.7,3.3,3.4499999999999997,3.0,0.0,3.0,3.3,5.75,2.0,3.4499999999999997,7.5,4.050000000000001,4.6,4.949999999999999,4.5,1.3,4.5,5.550000000000001,3.7,5.0,5.75,5.0,2.0,8.0,6.75,100.0
99691,8.0,4.5,7.4,4.0,8.25,7.5,2.7,4.949999999999999,4.0,6.0,7.4,8.25,8.0,3.7,6.0,4.5,6.0,3.3,9.450000000000001,3.7,4.5,3.0,3.3,6.6,4.050000000000001,2.3,4.5,7.5,7.4,3.4499999999999997,4.0,3.7,6.0,6.0,4.25,4.0,3.7,8.25,2.7,6.0,9.25,4.949999999999999,7.4,4.5,4.949999999999999,3.0,6.0,5.550000000000001,3.7,7.5,9.25,8.25,3.3,8.0,7.5,548.0
90824,8.0,4.949999999999999,6.6,3.3,6.75,5.0,3.7,5.550000000000001,4.0,4.0,8.0,5.0,8.0,4.0,6.0,4.5,5.550000000000001,4.0,8.049999999999999,4.0,4.050000000000001,2.3,2.7,8.0,4.5,2.3,3.4499999999999997,6.75,6.0,2.55,3.3,3.3,4.5,4.5,5.0,3.7,3.3,5.75,2.0,4.050000000000001,9.25,4.5,7.4,4.050000000000001,5.550000000000001,2.0,6.0,5.550000000000001,3.0,6.75,6.75,6.75,2.7,8.0,6.75,244.0
98085,7.4,3.4499999999999997,6.6,3.3,4.25,1.75,2.0,5.550000000000001,4.0,4.0,8.0,5.0,7.4,3.7,6.0,4.050000000000001,6.0,2.7,7.0,3.3,3.4499999999999997,2.0,2.3,6.0,4.5,2.3,4.050000000000001,6.75,6.6,2.55,2.7,4.0,3.4499999999999997,4.5,6.75,3.7,3.3,6.75,1.7,3.0,7.5,4.5,6.0,4.050000000000001,4.5,1.3,4.949999999999999,4.050000000000001,2.7,5.75,7.5,6.75,2.7,8.0,6.75,163.0
99171,8.0,3.4499999999999997,6.0,2.0,8.25,4.25,2.7,5.550000000000001,3.7,4.0,6.6,5.75,6.0,3.3,6.0,4.5,4.949999999999999,3.3,7.0,3.0,3.4499999999999997,2.0,2.7,6.6,4.5,3.0,4.5,5.75,6.6,2.55,3.0,3.7,4.050000000000001,5.550000000000001,5.0,3.0,3.7,6.75,2.3,4.050000000000001,7.5,3.4499999999999997,5.4,4.5,4.949999999999999,2.0,4.5,4.949999999999999,3.0,7.5,7.5,6.75,3.0,8.0,7.5,232.0
88807,8.0,1.5,4.6,1.3,5.0,3.25,3.0,4.5,3.3,2.6,5.4,3.25,6.0,2.3,4.050000000000001,4.050000000000001,3.4499999999999997,3.3,7.0,2.7,4.050000000000001,2.0,2.3,4.6,3.0,2.3,4.5,5.75,6.6,3.0,3.0,2.7,4.5,4.949999999999999,0.0,3.7,3.3,9.25,1.0,4.949999999999999,10.0,4.949999999999999,5.4,4.949999999999999,5.550000000000001,2.0,6.0,6.0,3.0,5.75,7.5,5.75,3.0,8.0,9.25,139.0
79548,8.0,4.949999999999999,7.4,4.0,10.0,9.25,4.0,6.0,4.0,7.4,8.0,9.25,8.0,4.0,4.949999999999999,4.949999999999999,6.0,4.0,14.0,4.0,5.550000000000001,3.7,3.3,8.0,5.550000000000001,3.3,4.5,7.5,8.0,4.5,3.0,4.0,6.0,5.550000000000001,8.25,3.7,3.3,9.25,2.7,4.5,9.25,6.0,8.0,4.050000000000001,5.550000000000001,3.3,5.550000000000001,6.0,3.0,5.75,8.25,8.25,3.0,8.0,7.5,404.0
98178,8.0,4.5,6.0,2.3,8.25,3.25,3.7,5.550000000000001,3.7,4.6,8.0,6.75,7.4,3.3,5.550000000000001,4.949999999999999,6.0,3.7,4.55,4.0,5.550000000000001,3.0,3.0,6.6,3.4499999999999997,3.0,4.050000000000001,7.5,7.4,4.5,3.7,4.0,4.5,4.949999999999999,7.5,4.0,3.7,8.25,2.7,4.050000000000001,9.25,5.550000000000001,7.4,4.050000000000001,5.550000000000001,2.7,6.0,4.949999999999999,3.3,7.5,5.75,8.25,3.0,8.0,7.5,506.0
98579,8.0,2.55,5.4,2.0,7.5,2.5,3.0,4.5,3.3,4.0,8.0,5.0,7.4,3.7,6.0,4.050000000000001,5.550000000000001,4.0,7.0,4.0,4.5,2.3,2.7,7.4,3.4499999999999997,3.0,4.5,8.25,6.0,3.4499999999999997,3.3,3.0,5.550000000000001,5.550000000000001,6.75,3.7,3.7,9.25,1.3,4.949999999999999,8.25,4.949999999999999,6.0,5.550000000000001,6.0,2.7,3.0,4.5,3.0,7.5,7.5,5.0,2.3,8.0,6.75,181.0
98939,4.6,2.55,4.6,2.0,5.75,5.75,3.3,5.550000000000001,4.0,6.0,6.0,5.0,7.4,3.0,6.0,4.5,6.0,2.7,7.0,4.0,3.4499999999999997,2.7,2.0,7.4,4.050000000000001,3.0,4.5,7.5,6.6,2.55,3.7,3.3,4.050000000000001,4.949999999999999,6.75,2.7,2.7,5.75,1.0,3.0,5.75,4.5,4.6,4.5,4.5,1.7,4.5,4.5,2.3,5.0,5.0,6.75,2.0,8.0,7.5,100.0
90278,8.0,2.55,7.4,3.0,7.5,3.25,3.7,5.550000000000001,3.7,6.0,7.4,4.25,4.6,3.0,4.949999999999999,4.5,4.949999999999999,3.3,10.5,4.0,4.5,2.3,1.3,6.6,3.4499999999999997,1.3,2.55,5.0,4.6,1.5,3.3,3.0,4.949999999999999,6.0,5.75,3.3,3.0,5.0,1.3,4.050000000000001,6.75,4.5,4.0,3.0,3.4499999999999997,1.3,4.5,4.949999999999999,2.3,5.0,6.75,5.75,2.7,7.4,8.25,100.0
97481,8.0,5.550000000000001,8.0,4.0,10.0,7.5,4.0,6.0,4.0,6.6,8.0,10.0,8.0,4.0,5.550000000000001,4.949999999999999,6.0,4.0,14.0,4.0,6.0,3.0,3.0,8.0,4.5,3.7,6.0,8.25,8.0,5.550000000000001,4.0,4.0,6.0,6.0,9.25,4.0,4.0,7.5,3.7,4.949999999999999,10.0,6.0,8.0,5.550000000000001,6.0,3.7,6.0,6.0,3.7,10.0,10.0,9.25,3.7,8.0,9.25,591.0
98656,8.0,1.5,4.0,2.3,3.25,2.5,2.0,3.4499999999999997,3.7,4.0,7.4,1.75,5.4,2.7,5.550000000000001,3.0,1.5,3.3,5.95,3.7,2.55,2.0,1.3,4.6,1.5,2.7,1.9500000000000002,4.25,4.0,1.5,2.3,3.0,4.050000000000001,4.5,3.25,2.7,2.7,6.75,1.7,1.9500000000000002,5.75,3.4499999999999997,5.4,3.4499999999999997,4.050000000000001,2.0,4.5,4.5,3.0,5.75,5.75,4.25,2.7,8.0,7.5,137.0
99640,8.0,4.050000000000001,6.0,3.7,8.25,8.25,3.0,5.550000000000001,4.0,4.6,8.0,9.25,8.0,4.0,6.0,4.5,5.550000000000001,3.7,9.450000000000001,3.3,4.949999999999999,3.0,3.3,8.0,4.5,4.0,4.949999999999999,7.5,8.0,4.050000000000001,3.3,3.7,6.0,5.550000000000001,9.25,4.0,4.0,9.25,3.3,6.0,10.0,4.949999999999999,6.6,4.949999999999999,6.0,2.7,6.0,4.949999999999999,3.3,7.5,9.25,7.5,3.3,8.0,10.0,331.0
94375,8.0,3.0,4.0,4.0,7.5,3.25,1.7,6.0,3.3,3.4,8.0,5.0,6.6,4.0,6.0,4.050000000000001,6.0,3.0,3.5,2.7,3.0,2.7,2.7,5.4,3.0,3.0,3.4499999999999997,5.0,5.4,3.0,3.0,3.7,4.050000000000001,4.949999999999999,3.25,4.0,4.0,6.75,1.0,3.4499999999999997,5.75,4.050000000000001,5.4,3.4499999999999997,4.050000000000001,0.7,4.5,4.050000000000001,2.7,5.0,5.75,6.75,2.0,8.0,4.25,100.0
98086,8.0,4.949999999999999,6.0,3.0,7.5,4.25,4.0,6.0,4.0,6.0,8.0,7.5,8.0,4.0,5.550000000000001,4.949999999999999,4.949999999999999,4.0,8.049999999999999,3.3,3.4499999999999997,3.0,3.3,7.4,4.5,2.3,4.5,6.75,6.6,3.0,3.0,4.0,5.550000000000001,6.0,7.5,3.3,3.7,6.75,2.7,3.0,8.25,3.4499999999999997,6.0,1.9500000000000002,4.5,3.0,4.949999999999999,4.5,2.7,6.75,5.0,5.0,3.0,8.0,6.75,150.0
99193,8.0,3.4499999999999997,6.6,2.7,10.0,8.25,3.3,6.0,4.0,4.6,8.0,9.25,8.0,4.0,6.0,4.949999999999999,6.0,3.7,10.5,4.0,6.0,3.3,3.7,7.4,4.5,2.7,6.0,9.25,7.4,4.5,3.7,4.0,6.0,6.0,5.75,4.0,3.3,8.25,3.0,4.5,10.0,4.949999999999999,6.0,4.5,5.550000000000001,3.0,5.550000000000001,5.550000000000001,3.7,8.25,7.5,6.75,3.0,8.0,8.25,425.0
97484,8.0,1.9500000000000002,5.4,1.0,6.75,1.75,2.3,4.949999999999999,3.7,3.4,7.4,2.5,6.0,2.0,4.949999999999999,3.0,4.5,3.3,3.5,4.0,4.050000000000001,2.0,2.3,5.4,2.55,1.3,3.4499999999999997,5.0,4.6,1.9500000000000002,2.0,3.0,4.5,5.550000000000001,4.25,3.0,2.3,5.0,1.0,3.0,5.0,3.4499999999999997,2.6,3.4499999999999997,4.5,1.3,5.550000000000001,4.5,3.0,5.0,5.0,5.75,2.0,8.0,6.75,100.0
88828,8.0,3.0,6.0,2.7,5.0,4.25,2.0,3.4499999999999997,4.0,4.0,8.0,5.0,5.4,3.3,6.0,3.0,4.949999999999999,3.0,7.0,3.7,4.050000000000001,2.3,2.7,4.0,3.0,3.3,4.949999999999999,7.5,7.4,4.5,3.0,2.3,4.050000000000001,4.5,0.0,4.0,3.0,8.25,2.0,4.5,5.75,4.050000000000001,6.0,4.949999999999999,5.550000000000001,2.0,4.5,5.550000000000001,3.3,5.0,7.5,5.75,2.7,6.0,7.5,261.0
96423,8.0,2.55,4.0,2.0,6.75,4.25,2.0,4.5,3.3,4.0,8.0,5.75,6.0,3.0,4.949999999999999,4.5,5.550000000000001,2.7,7.0,3.7,3.4499999999999997,2.3,2.0,6.0,3.0,1.7,2.55,6.75,5.4,2.55,3.0,3.7,4.5,4.5,6.75,2.7,3.0,6.75,1.7,2.55,5.0,4.050000000000001,3.4,3.4499999999999997,3.4499999999999997,2.0,3.4499999999999997,4.5,2.3,5.0,3.25,4.25,3.0,6.6,7.5,124.0
96943,8.0,3.4499999999999997,7.4,3.0,6.75,5.0,2.7,5.550000000000001,4.0,6.0,8.0,5.0,7.4,3.7,6.0,3.4499999999999997,4.949999999999999,2.3,0.0,3.3,3.0,2.7,2.7,8.0,4.050000000000001,2.7,4.050000000000001,7.5,7.4,4.050000000000001,3.3,3.0,5.550000000000001,4.949999999999999,5.0,3.0,3.3,7.5,2.0,4.050000000000001,6.75,4.050000000000001,4.6,3.0,4.5,2.3,3.0,3.4499999999999997,3.0,5.75,5.75,5.0,2.3,8.0,8.25,238.0
97218,8.0,4.949999999999999,7.4,4.0,9.25,9.25,3.3,4.949999999999999,4.0,0.0,8.0,9.25,7.4,4.0,4.949999999999999,5.550000000000001,5.550000000000001,4.0,11.549999999999999,3.7,6.0,3.7,4.0,8.0,4.050000000000001,3.3,4.5,7.5,6.6,4.5,4.0,3.0,6.0,4.949999999999999,6.75,3.0,3.0,7.5,2.0,4.050000000000001,9.25,3.4499999999999997,6.6,4.5,6.0,2.0,4.5,5.550000000000001,2.7,6.75,6.75,5.75,3.3,8.0,5.0,381.0
97599,8.0,3.0,5.4,2.7,5.0,2.5,3.0,5.550000000000001,3.7,5.4,7.4,3.25,6.0,3.7,4.5,3.0,6.0,3.3,8.049999999999999,3.3,3.4499999999999997,3.3,2.0,5.4,4.050000000000001,1.7,3.0,5.75,6.0,4.050000000000001,2.7,3.7,6.0,4.5,7.5,3.3,3.3,6.75,2.0,4.050000000000001,7.5,4.5,5.4,4.050000000000001,4.050000000000001,1.7,4.5,4.5,3.3,5.75,6.75,7.5,3.0,8.0,7.5,170.0
99067,8.0,1.0499999999999998,4.0,1.7,6.75,4.25,2.0,4.949999999999999,2.3,4.0,8.0,5.0,6.0,3.7,5.550000000000001,4.050000000000001,6.0,3.3,9.450000000000001,3.3,3.4499999999999997,1.7,2.0,4.6,3.4499999999999997,1.3,2.55,4.25,6.0,2.55,2.7,2.7,4.5,3.4499999999999997,5.0,3.0,3.0,5.0,1.7,2.55,5.0,4.050000000000001,6.0,1.9500000000000002,3.4499999999999997,1.0,4.5,4.5,3.0,5.75,5.0,6.75,3.0,8.0,5.75,100.0
99096,6.6,3.4499999999999997,6.6,3.0,8.25,6.75,3.3,6.0,3.7,6.0,7.4,7.5,6.6,2.7,6.0,4.5,5.550000000000001,4.0,10.5,3.3,5.550000000000001,3.0,3.0,7.4,4.5,2.0,4.050000000000001,6.75,7.4,4.050000000000001,3.3,3.3,5.550000000000001,6.0,7.5,3.7,3.7,6.75,2.3,3.0,10.0,5.550000000000001,4.6,4.050000000000001,4.5,2.3,6.0,5.550000000000001,3.0,5.0,5.75,7.5,3.0,8.0,5.75,280.0
99310,8.0,1.5,4.0,2.7,6.75,2.5,3.3,4.949999999999999,3.3,4.0,6.6,7.5,6.6,3.3,4.050000000000001,4.050000000000001,4.949999999999999,3.3,9.450000000000001,4.0,4.5,2.7,2.0,5.4,3.4499999999999997,2.0,4.5,5.75,6.6,3.0,3.0,3.3,3.4499999999999997,4.949999999999999,4.25,3.3,3.0,5.0,1.7,3.0,5.75,4.050000000000001,5.4,4.5,4.050000000000001,3.0,5.550000000000001,4.5,2.7,4.25,6.75,5.75,3.3,8.0,4.25,380.0
97559,8.0,3.0,4.0,1.7,7.5,3.25,2.3,5.550000000000001,4.0,5.4,8.0,5.0,6.0,2.7,5.550000000000001,3.4499999999999997,4.949999999999999,3.7,7.0,4.0,3.4499999999999997,2.0,2.3,6.6,4.5,1.7,3.4499999999999997,7.5,6.6,4.5,3.7,3.7,5.550000000000001,5.550000000000001,7.5,3.0,3.3,6.75,3.3,4.949999999999999,8.25,4.949999999999999,6.0,4.5,5.550000000000001,3.0,6.0,6.0,3.3,7.5,10.0,7.5,3.0,8.0,7.5,388.0
92545,8.0,3.4499999999999997,6.0,2.7,5.0,4.25,3.3,5.550000000000001,3.7,4.0,8.0,5.0,6.6,3.7,6.0,4.050000000000001,5.550000000000001,3.3,10.5,3.7,3.4499999999999997,3.0,2.7,6.6,3.0,3.0,4.5,6.75,5.4,3.4499999999999997,3.0,3.0,4.5,4.949999999999999,6.75,3.3,3.0,6.75,2.0,3.0,6.75,6.0,4.0,4.5,5.550000000000001,2.0,4.050000000000001,4.949999999999999,3.0,5.75,7.5,5.75,3.0,8.0,7.5,294.0
99756,8.0,6.0,8.0,4.0,9.25,9.25,4.0,6.0,4.0,6.0,8.0,10.0,8.0,4.0,5.550000000000001,4.050000000000001,5.550000000000001,3.7,9.450000000000001,4.0,5.550000000000001,3.7,3.3,8.0,4.949999999999999,4.0,4.949999999999999,8.25,6.0,4.5,3.0,3.7,6.0,5.550000000000001,6.75,3.7,3.7,8.25,3.0,4.5,10.0,5.550000000000001,6.6,4.949999999999999,6.0,3.0,4.5,5.550000000000001,3.3,8.25,9.25,8.25,3.3,8.0,8.25,430.0
90979,8.0,1.0499999999999998,4.0,1.7,5.0,2.5,3.3,6.0,3.7,5.4,7.4,2.5,6.6,3.0,5.550000000000001,4.5,4.5,3.0,7.0,4.0,3.0,2.3,2.0,6.0,3.0,1.7,4.5,5.75,6.6,3.0,3.0,3.3,4.949999999999999,4.949999999999999,6.75,3.3,3.0,5.75,2.0,3.0,7.5,4.050000000000001,5.4,3.4499999999999997,4.050000000000001,1.3,5.550000000000001,4.5,2.3,7.5,7.5,6.75,2.7,8.0,6.75,100.0
99187,8.0,1.0499999999999998,5.4,2.0,5.0,5.75,2.0,4.5,3.7,4.0,8.0,3.25,6.6,3.0,4.5,3.0,4.050000000000001,3.7,5.95,4.0,3.4499999999999997,2.0,1.0,4.6,1.9500000000000002,2.0,1.9500000000000002,5.0,5.4,1.9500000000000002,2.7,2.7,4.050000000000001,4.5,1.75,2.3,2.0,5.75,0.0,1.5,5.75,2.55,4.0,4.050000000000001,4.050000000000001,1.7,4.5,4.5,2.7,5.0,6.75,5.75,2.3,8.0,7.5,100.0
92948,8.0,1.5,6.0,2.3,5.0,1.75,2.7,4.050000000000001,3.0,4.0,8.0,4.25,6.6,3.3,3.4499999999999997,4.050000000000001,4.949999999999999,3.0,7.0,3.3,4.5,2.3,1.3,4.0,4.050000000000001,2.0,4.5,6.75,5.4,1.9500000000000002,2.7,2.7,5.550000000000001,4.949999999999999,0.0,2.7,2.7,7.5,2.0,3.0,8.25,4.5,2.0,3.4499999999999997,4.949999999999999,2.0,4.5,4.949999999999999,2.3,4.25,7.5,5.0,3.0,6.6,7.5,256.0
97888,7.4,1.9500000000000002,5.4,3.3,6.75,3.25,2.7,4.5,3.7,3.4,6.0,1.75,5.4,3.3,6.0,4.5,4.949999999999999,3.0,5.95,1.7,2.55,2.3,1.7,6.0,3.4499999999999997,3.0,3.4499999999999997,5.0,6.0,1.9500000000000002,2.7,2.7,3.4499999999999997,4.949999999999999,5.0,3.0,3.0,6.75,1.3,4.050000000000001,5.75,4.5,6.6,3.4499999999999997,5.550000000000001,1.7,5.550000000000001,4.5,3.0,6.75,5.75,6.75,2.0,8.0,8.25,131.0
97406,8.0,6.0,8.0,4.0,10.0,7.5,4.0,6.0,4.0,6.6,8.0,9.25,8.0,4.0,6.0,6.0,6.0,3.7,12.950000000000001,4.0,6.0,3.7,4.0,8.0,6.0,4.0,6.0,10.0,8.0,4.5,3.7,3.7,6.0,6.0,9.25,4.0,4.0,10.0,4.0,5.550000000000001,10.0,4.949999999999999,8.0,6.0,6.0,3.7,6.0,6.0,4.0,7.5,10.0,9.25,4.0,8.0,10.0,677.0
99781,7.4,4.5,7.4,3.3,8.25,6.75,3.0,4.949999999999999,4.0,5.4,8.0,8.25,7.4,3.7,4.5,4.949999999999999,6.0,3.7,11.549999999999999,4.0,4.5,3.0,3.0,7.4,4.5,2.7,4.949999999999999,8.25,7.4,4.050000000000001,4.0,3.7,5.550000000000001,5.550000000000001,8.25,3.3,4.0,9.25,2.0,4.949999999999999,8.25,4.949999999999999,6.6,4.5,4.949999999999999,2.7,4.5,4.050000000000001,3.0,6.75,7.5,7.5,3.3,8.0,5.75,476.0
99938,7.4,4.050000000000001,6.0,3.0,10.0,7.5,3.3,5.550000000000001,3.7,4.6,6.6,6.75,6.6,3.3,4.5,4.5,5.550000000000001,4.0,7.0,3.7,4.050000000000001,2.7,2.0,7.4,4.050000000000001,2.7,3.4499999999999997,5.75,6.6,2.55,3.0,2.7,4.949999999999999,4.050000000000001,5.75,3.0,3.7,4.25,1.7,3.0,6.75,3.0,4.6,3.4499999999999997,4.050000000000001,1.7,4.5,4.949999999999999,2.3,5.75,5.0,5.0,3.0,8.0,5.75,411.0
94451,7.4,1.9500000000000002,4.0,2.7,5.75,5.0,2.3,4.5,4.0,4.0,6.6,3.25,6.0,2.3,6.0,2.55,4.5,2.7,7.0,3.3,3.4499999999999997,2.3,3.0,6.0,4.050000000000001,2.7,3.0,6.75,6.0,3.0,2.7,3.0,4.050000000000001,4.5,5.0,3.3,2.7,6.75,1.7,2.55,7.5,2.55,5.4,1.5,4.5,1.0,4.5,3.4499999999999997,2.3,4.25,4.25,5.75,3.0,8.0,5.0,100.0
88949,8.0,4.050000000000001,6.0,3.0,7.5,5.75,3.3,5.550000000000001,4.0,6.0,8.0,7.5,7.4,3.3,6.0,4.050000000000001,5.550000000000001,3.7,8.049999999999999,4.0,4.5,3.0,2.7,8.0,4.5,4.0,4.5,8.25,6.6,3.4499999999999997,3.7,4.0,6.0,4.949999999999999,5.75,4.0,3.7,6.75,2.7,4.5,8.25,4.949999999999999,6.0,4.949999999999999,6.0,3.0,4.050000000000001,6.0,3.3,7.5,7.5,8.25,3.0,8.0,8.25,450.0
95259,8.0,3.4499999999999997,6.0,2.3,7.5,6.75,3.3,6.0,3.3,4.6,7.4,7.5,6.6,3.0,4.5,3.4499999999999997,6.0,2.7,9.450000000000001,3.7,4.5,2.7,2.0,6.0,3.4499999999999997,2.0,3.4499999999999997,5.75,6.0,3.0,3.0,3.3,4.5,4.5,5.0,3.7,3.0,6.75,2.3,1.5,5.75,3.4499999999999997,4.6,3.4499999999999997,4.050000000000001,1.3,4.5,4.5,2.0,2.5,5.75,2.5,2.7,8.0,6.75,274.0
94945,8.0,6.0,8.0,4.0,10.0,10.0,3.0,6.0,4.0,6.0,8.0,10.0,8.0,4.0,6.0,5.550000000000001,6.0,3.3,10.5,3.3,6.0,3.7,3.7,8.0,4.949999999999999,2.3,4.5,7.5,8.0,4.5,3.7,4.0,5.550000000000001,6.0,7.5,3.3,3.3,7.5,2.7,4.050000000000001,7.5,4.050000000000001,6.0,4.5,4.5,3.7,5.550000000000001,4.5,3.7,7.5,7.5,7.5,3.3,8.0,7.5,319.0
98088,8.0,4.949999999999999,7.4,3.3,6.75,3.25,2.7,6.0,3.7,5.4,8.0,5.75,6.6,3.7,6.0,4.050000000000001,6.0,4.0,8.049999999999999,3.7,4.050000000000001,2.7,2.7,8.0,3.4499999999999997,3.3,4.5,6.75,7.4,3.0,3.3,3.7,4.949999999999999,5.550000000000001,7.5,3.3,3.7,9.25,1.7,4.5,7.5,4.949999999999999,6.6,4.5,4.949999999999999,2.0,3.4499999999999997,4.949999999999999,3.0,6.75,7.5,7.5,3.0,8.0,8.25,419.0
97017,8.0,4.050000000000001,8.0,3.7,10.0,6.75,3.7,5.550000000000001,4.0,5.4,8.0,8.25,8.0,4.0,6.0,4.5,4.949999999999999,3.3,8.049999999999999,4.0,6.0,3.7,3.3,8.0,3.4499999999999997,3.3,4.5,7.5,8.0,4.5,3.7,4.0,5.550000000000001,5.550000000000001,5.75,3.3,4.0,7.5,3.0,4.050000000000001,9.25,4.949999999999999,6.6,4.949999999999999,5.550000000000001,3.7,6.0,6.0,3.0,7.5,7.5,6.75,3.3,8.0,8.25,479.0
93434,8.0,2.55,6.0,2.0,5.75,2.5,2.3,4.5,3.7,4.0,8.0,2.5,6.0,2.7,6.0,4.949999999999999,4.5,3.3,8.049999999999999,4.0,2.55,1.0,1.7,5.4,4.5,2.3,3.4499999999999997,5.75,6.6,3.0,3.7,3.7,4.5,3.4499999999999997,5.0,3.7,3.3,7.5,2.0,3.0,7.5,3.4499999999999997,5.4,2.55,4.050000000000001,1.7,3.0,4.050000000000001,3.0,4.25,5.75,5.0,3.0,7.4,9.25,100.0
99311,7.4,3.0,5.4,3.0,7.5,6.75,3.0,6.0,4.0,4.6,7.4,5.0,6.6,3.3,6.0,4.5,4.5,3.3,9.450000000000001,3.7,3.0,3.0,2.0,6.0,4.5,2.0,4.050000000000001,5.75,7.4,4.050000000000001,3.3,2.0,5.550000000000001,4.5,5.0,3.0,3.7,7.5,3.3,4.5,10.0,5.550000000000001,6.0,3.0,5.550000000000001,2.7,4.949999999999999,4.5,3.0,7.5,7.5,7.5,3.7,8.0,8.25,425.0
99941,7.4,3.0,5.4,4.0,8.25,7.5,3.0,3.4499999999999997,3.7,4.0,8.0,6.75,6.0,3.7,4.949999999999999,4.050000000000001,4.050000000000001,2.7,7.0,3.7,4.050000000000001,2.0,2.3,6.6,3.4499999999999997,2.0,3.0,5.0,6.0,3.0,2.7,2.7,3.4499999999999997,4.5,5.0,2.0,3.0,2.5,1.7,1.9500000000000002,5.0,4.5,6.0,3.4499999999999997,4.5,2.0,3.4499999999999997,4.050000000000001,2.3,5.0,5.0,5.75,2.3,7.4,4.25,100.0
97220,7.4,3.0,5.4,1.0,5.0,1.75,3.0,3.4499999999999997,3.3,3.4,5.4,2.5,4.0,2.3,6.0,4.050000000000001,1.5,2.3,5.95,3.0,4.050000000000001,2.7,3.0,6.6,3.0,3.0,4.949999999999999,9.25,6.0,2.55,3.0,3.3,4.5,6.0,5.75,3.7,3.7,7.5,1.7,3.4499999999999997,7.5,4.949999999999999,4.6,4.5,5.550000000000001,1.7,6.0,5.550000000000001,3.3,4.25,7.5,7.5,2.7,8.0,10.0,100.0
88520,8.0,6.0,8.0,4.0,10.0,10.0,4.0,6.0,4.0,8.0,8.0,10.0,8.0,4.0,6.0,6.0,6.0,4.0,14.0,4.0,6.0,4.0,3.7,8.0,6.0,4.0,6.0,10.0,8.0,5.550000000000001,4.0,4.0,6.0,6.0,9.25,4.0,4.0,10.0,4.0,5.550000000000001,10.0,6.0,8.0,6.0,6.0,3.7,6.0,6.0,4.0,9.25,10.0,9.25,4.0,8.0,10.0,572.0
97018,8.0,3.4499999999999997,6.6,2.3,7.5,5.75,3.0,5.550000000000001,3.7,5.4,8.0,5.0,6.0,4.0,5.550000000000001,4.5,4.949999999999999,3.3,10.5,3.7,4.5,3.0,2.7,5.4,3.4499999999999997,2.7,3.0,6.75,5.4,3.4499999999999997,3.3,3.0,4.5,6.0,5.0,3.7,3.0,5.75,2.0,3.4499999999999997,7.5,4.5,4.6,4.050000000000001,5.550000000000001,2.7,5.550000000000001,4.949999999999999,2.7,5.75,8.25,5.75,2.7,8.0,6.75,350.0
94208,7.4,3.0,6.0,3.7,5.75,6.75,3.0,4.5,3.7,5.4,8.0,5.0,6.6,3.0,4.5,3.0,3.4499999999999997,2.3,8.049999999999999,3.7,4.050000000000001,2.0,2.3,8.0,3.0,2.3,3.4499999999999997,6.75,6.0,4.050000000000001,2.3,3.0,4.050000000000001,4.5,4.25,3.7,3.3,7.5,2.3,3.0,7.5,4.949999999999999,5.4,3.4499999999999997,4.5,2.3,3.4499999999999997,4.949999999999999,2.3,5.0,7.5,5.0,3.0,7.4,5.0,535.0
68496,8.0,4.5,6.6,4.0,10.0,5.75,3.3,6.0,4.0,6.0,8.0,6.75,8.0,4.0,4.949999999999999,5.550000000000001,5.550000000000001,3.3,10.5,4.0,4.949999999999999,3.0,2.7,6.0,4.5,3.0,6.0,8.25,6.0,4.5,3.7,3.0,6.0,6.0,6.75,4.0,3.3,8.25,3.3,4.5,9.25,4.5,6.6,4.5,6.0,2.3,4.949999999999999,6.0,4.0,8.25,9.25,9.25,3.7,8.0,6.75,381.0
95296,7.4,5.550000000000001,8.0,3.7,9.25,10.0,4.0,6.0,3.7,7.4,8.0,10.0,8.0,4.0,5.550000000000001,5.550000000000001,6.0,4.0,14.0,4.0,5.550000000000001,4.0,4.0,8.0,4.949999999999999,3.3,6.0,10.0,8.0,6.0,4.0,4.0,6.0,5.550000000000001,10.0,4.0,3.7,10.0,4.0,4.949999999999999,9.25,5.550000000000001,6.0,4.5,5.550000000000001,2.7,5.550000000000001,6.0,3.7,8.25,8.25,9.25,3.3,8.0,9.25,620.0
99401,8.0,4.949999999999999,7.4,4.0,10.0,8.25,3.0,6.0,4.0,6.0,8.0,7.5,6.6,4.0,4.949999999999999,4.949999999999999,5.550000000000001,3.7,11.549999999999999,4.0,4.949999999999999,3.3,2.7,7.4,4.5,3.3,4.5,7.5,8.0,4.5,4.0,3.7,5.550000000000001,6.0,8.25,3.3,3.7,6.75,3.0,5.550000000000001,8.25,5.550000000000001,6.6,4.5,4.949999999999999,3.0,4.5,6.0,3.0,6.75,9.25,6.75,3.0,8.0,6.75,411.0
98332,8.0,5.550000000000001,8.0,4.0,10.0,10.0,4.0,6.0,4.0,6.0,8.0,9.25,8.0,4.0,6.0,4.949999999999999,6.0,4.0,12.950000000000001,4.0,6.0,3.7,3.0,8.0,4.949999999999999,4.0,5.550000000000001,9.25,8.0,5.550000000000001,3.3,3.7,6.0,6.0,6.75,4.0,4.0,9.25,3.0,4.5,9.25,4.949999999999999,6.6,5.550000000000001,6.0,3.3,5.550000000000001,6.0,3.7,7.5,7.5,8.25,3.0,7.4,8.25,563.0
93436,8.0,3.0,5.4,2.7,9.25,5.75,3.3,6.0,3.7,4.6,8.0,7.5,7.4,3.0,6.0,4.5,6.0,3.7,9.450000000000001,4.0,4.5,2.7,3.0,7.4,3.4499999999999997,2.0,4.949999999999999,6.75,7.4,3.0,3.3,3.7,6.0,6.0,5.0,3.7,3.0,7.5,2.3,4.050000000000001,7.5,5.550000000000001,5.4,4.5,6.0,2.0,4.949999999999999,4.5,3.3,6.75,7.5,9.25,3.0,8.0,4.25,344.0
88829,8.0,3.4499999999999997,6.0,3.3,10.0,5.0,4.0,6.0,4.0,6.0,8.0,5.75,7.4,3.7,6.0,4.949999999999999,5.550000000000001,3.7,9.450000000000001,4.0,4.5,2.3,3.0,7.4,4.050000000000001,2.3,4.5,5.75,6.6,3.0,3.3,3.3,4.949999999999999,4.949999999999999,7.5,3.7,3.3,6.75,2.3,4.5,10.0,4.050000000000001,6.0,4.5,4.949999999999999,2.0,4.949999999999999,4.5,3.0,5.75,7.5,6.75,3.0,8.0,7.5,413.0
98660,8.0,1.9500000000000002,4.0,2.0,6.75,2.5,2.7,5.550000000000001,4.0,4.0,8.0,5.0,6.0,3.0,6.0,3.4499999999999997,5.550000000000001,3.7,8.049999999999999,3.3,4.050000000000001,2.7,2.0,6.0,3.0,2.3,4.5,5.0,6.0,3.0,2.3,3.0,4.5,4.949999999999999,6.75,3.0,3.0,8.25,2.0,2.55,8.25,4.5,4.0,2.55,4.949999999999999,1.3,4.5,4.949999999999999,2.3,5.0,5.0,6.75,2.3,8.0,7.5,170.0
98661,8.0,3.0,6.0,2.7,6.75,5.75,3.0,5.550000000000001,3.0,4.6,6.0,5.75,5.4,3.3,6.0,4.050000000000001,4.949999999999999,3.3,10.5,4.0,4.050000000000001,2.7,2.3,5.4,2.55,2.0,4.5,5.75,6.6,4.050000000000001,3.3,4.0,4.949999999999999,4.5,6.75,3.3,3.7,7.5,2.7,3.0,8.25,3.4499999999999997,6.0,4.5,4.949999999999999,2.3,4.5,6.0,3.7,6.75,7.5,6.75,3.3,8.0,7.5,381.0
94950,7.4,4.5,6.6,3.0,6.75,7.5,2.3,5.550000000000001,3.0,4.0,8.0,6.75,6.6,3.7,4.5,4.5,4.949999999999999,4.0,0.0,2.7,4.5,1.7,2.3,8.0,3.0,3.0,4.050000000000001,4.25,7.4,3.0,3.7,3.3,4.5,4.050000000000001,5.75,2.7,2.7,5.75,2.0,4.5,5.75,4.050000000000001,5.4,3.4499999999999997,5.550000000000001,1.7,4.949999999999999,4.050000000000001,2.3,5.0,7.5,5.75,3.0,7.4,9.25,391.0
98335,8.0,3.4499999999999997,6.0,3.7,7.5,8.25,3.7,6.0,4.0,5.4,8.0,7.5,7.4,3.7,4.5,4.5,6.0,3.7,10.5,4.0,4.5,3.0,2.0,5.4,4.949999999999999,2.3,4.5,6.75,7.4,3.4499999999999997,3.3,3.0,4.949999999999999,6.0,7.5,3.0,3.7,6.75,2.7,2.55,9.25,4.5,6.0,2.55,6.0,2.3,4.5,5.550000000000001,3.3,5.0,8.25,5.75,3.0,8.0,9.25,363.0
97408,8.0,3.4499999999999997,4.6,2.0,7.5,5.0,3.3,5.550000000000001,4.0,5.4,8.0,5.0,6.0,3.3,6.0,4.5,5.550000000000001,3.7,10.5,4.0,4.5,3.0,1.7,6.0,4.050000000000001,2.7,2.55,5.75,8.0,3.0,3.3,3.7,4.949999999999999,5.550000000000001,5.0,3.0,3.3,6.75,2.0,3.0,7.5,4.949999999999999,7.4,4.949999999999999,4.949999999999999,2.7,4.949999999999999,4.5,3.3,6.75,7.5,7.5,3.3,8.0,6.75,538.0
88699,8.0,3.4499999999999997,6.0,4.0,8.25,5.75,3.7,6.0,4.0,4.6,8.0,7.5,7.4,3.7,3.4499999999999997,4.5,6.0,3.7,10.5,3.7,4.5,2.7,3.0,7.4,3.0,1.7,4.5,6.75,8.0,3.0,3.0,3.0,5.550000000000001,5.550000000000001,5.75,3.7,3.0,5.0,2.0,3.0,8.25,3.4499999999999997,6.0,3.4499999999999997,4.5,2.0,4.5,4.5,3.7,5.75,6.75,5.75,3.0,7.4,7.5,244.0
94362,7.4,1.9500000000000002,4.0,2.3,5.75,1.75,3.0,4.050000000000001,3.7,4.0,8.0,1.75,7.4,3.7,6.0,4.050000000000001,4.050000000000001,3.3,7.0,3.3,4.949999999999999,2.7,3.0,6.6,4.5,4.0,4.949999999999999,7.5,6.0,3.0,2.7,2.7,5.550000000000001,4.5,4.25,3.7,3.7,7.5,1.7,4.5,7.5,3.0,5.4,5.550000000000001,5.550000000000001,1.3,4.949999999999999,4.949999999999999,3.3,5.75,6.75,8.25,2.3,8.0,10.0,100.0
89612,8.0,6.0,8.0,4.0,10.0,9.25,4.0,6.0,4.0,8.0,8.0,8.25,8.0,4.0,6.0,5.550000000000001,6.0,4.0,10.5,4.0,6.0,4.0,4.0,8.0,5.550000000000001,3.7,6.0,9.25,8.0,6.0,3.7,4.0,6.0,6.0,9.25,4.0,4.0,9.25,3.3,6.0,10.0,6.0,8.0,6.0,6.0,3.7,6.0,6.0,4.0,8.25,9.25,7.5,4.0,8.0,10.0,669.0
99468,6.6,4.5,6.6,3.7,9.25,7.5,3.0,6.0,3.3,4.6,8.0,7.5,7.4,4.0,6.0,4.949999999999999,4.949999999999999,3.3,9.450000000000001,3.0,4.050000000000001,2.7,2.7,6.0,3.4499999999999997,2.7,4.050000000000001,6.75,7.4,4.050000000000001,3.0,3.7,4.5,5.550000000000001,4.25,3.7,3.0,8.25,2.7,4.949999999999999,8.25,4.5,6.6,4.050000000000001,5.550000000000001,1.7,4.5,4.5,2.7,5.75,7.5,6.75,3.0,8.0,6.75,338.0
88680,8.0,4.050000000000001,6.6,3.7,9.25,8.25,2.7,6.0,3.7,4.0,8.0,9.25,8.0,4.0,5.550000000000001,4.5,4.949999999999999,3.7,9.450000000000001,4.0,5.550000000000001,3.3,3.3,7.4,4.5,4.0,5.550000000000001,9.25,7.4,4.050000000000001,4.0,4.0,5.550000000000001,6.0,7.5,4.0,3.7,10.0,3.0,4.949999999999999,10.0,4.949999999999999,6.0,6.0,5.550000000000001,3.3,5.550000000000001,5.550000000000001,3.3,6.75,10.0,7.5,3.3,8.0,9.25,450.0
